test group,visits,conversions,total_ads,avg_ads,conversion_rate_percent
ad,564577,14423,14014701,24.823365103431417,2.55
psa,23524,420,582481,24.761137561639178,1.79
